{"('Inter', 'Dortmund', 'PSG'), ('Tottenham', 'Chelsea', 'Real Madrid')": {"Inter, Tottenham, Inter": 0.3333, "Inter, Tottenham, Dortmund": 0.3333333333333333, "Inter, Tottenham, PSG": 0.3333333333333333, "Inter, Tottenham": 0.33332222222222224, "Dortmund, Tottenham, Inter": 0.3333333333333333, "Dortmund, Tottenham, Dortmund": 0.3333, "Dortmund, Tottenham, PSG": 0.3333333333333333, "Dortmund, Tottenham": 0.33332222222222224, "PSG, Tottenham, Inter": 0.3333333333333333, "PSG, Tottenham, Dortmund": 0.3333333333333333, "PSG, Tottenham, PSG": 0.3333, "PSG, Tottenham": 0.33332222222222224, "Inter, Chelsea, Inter": 0.3333, "Inter, Chelsea, Dortmund": 0.3333333333333333, "Inter, Chelsea, PSG": 0.3333333333333333, "Inter, Chelsea": 0.33332222222222224, "Dortmund, Chelsea, Inter": 0.3333333333333333, "Dortmund, Chelsea, Dortmund": 0.3333, "Dortmund, Chelsea, PSG": 0.3333333333333333, "Dortmund, Chelsea": 0.33332222222222224, "PSG, Chelsea, Inter": 0.3333333333333333, "PSG, Chelsea, Dortmund": 0.3333333333333333, "PSG, Chelsea, PSG": 0.3333, "PSG, Chelsea": 0.33332222222222224, "Inter, Real Madrid, Inter": 0.3333, "Inter, Real Madrid, Dortmund": 0.3333333333333333, "Inter, Real Madrid, PSG": 0.3333333333333333, "Inter, Real Madrid": 0.33332222222222224, "Dortmund, Real Madrid, Inter": 0.3333333333333333, "Dortmund, Real Madrid, Dortmund": 0.3333, "Dortmund, Real Madrid, PSG": 0.3333333333333333, "Dortmund, Real Madrid": 0.33332222222222224, "PSG, Real Madrid, Inter": 0.3333333333333333, "PSG, Real Madrid, Dortmund": 0.3333333333333333, "PSG, Real Madrid, PSG": 0.3333, "PSG, Real Madrid": 0.33332222222222224}}